payment_id,amount,date,utr_ref
P534,978,2026-08-17,O133
P529,1456,2026-08-20,O128
P533,1500,2026-08-06,O132
P504,294,2026-08-07,O104
P538,1000,2026-08-08,O138
P568,300,2026-08-16,O169
P519,293,2026-08-20,O117
P528,250,2026-08-07,O127
P565,2500,2026-08-03,O166
P544,1171,2026-08-15,O144
P564,2000,2026-08-17,O165
P555,500,2026-08-09,O156
P524,2500,2026-08-18,O124
P505,730,2026-08-23,O105
P549,300,2026-08-17,O148
P535,1000,2026-08-22,O134
P526,1446,2026-08-19,O125
P545,300,2026-08-12,O145
P567,750,2026-08-19,O168
P572,600,2026-08-25,O909
P521,1500,2026-08-09,O121
P559,250,2026-08-06,O160
P560,1500,2026-08-09,O161
P539,2500,2026-08-25,O140
P509,500,2026-08-07,O108
P542,1500,2026-08-07,O142
P561,2500,2026-08-22,O162
P541,1500,2026-08-07,O142
P569,1000,2026-08-07,O170
P501,300,2026-08-01,O101
P508,500,2026-08-23,O107
P537,2500,2026-08-01,O136
P520,1184,2026-08-13,O118
P563,250,2026-08-24,O164
P530,1316,2026-08-17,O129
P513,1200,2026-08-19,O113
P515,250,2026-08-22,O114
P531,250,2026-08-25,O130
P503,300,2026-08-19,O103
P525,2500,2026-08-18,O124
P507,1000,2026-08-26,O106
P553,1200,2026-08-26,O154
P518,1163,2026-08-06,O116
P554,750,2026-08-18,O155
P543,727,2026-08-23,O143
P562,1000,2026-08-10,O163
P522,1158,2026-08-07,O122
P551,750,2026-08-06,O151
P502,500,2026-08-27,O102
P558,483,2026-08-14,O159
P512,2500,2026-08-04,O111
P552,250,2026-08-22,O153
P511,1000,2026-08-26,O110
P516,250,2026-08-22,O114
P510,1000,2026-08-26,O110
P548,164,2026-08-08,O147
P570,600,2026-08-05,O985
P566,289,2026-08-22,O167
P573,400,2026-08-15,O979
P557,1637,2026-08-01,O158
P536,1161,2026-08-25,O135
P550,2000,2026-08-07,O149
P523,2000,2026-08-05,O123
P514,1200,2026-08-19,O113
P532,1000,2026-08-25,O131
P527,500,2026-08-17,O126
P546,750,2026-08-01,O146
P571,900,2026-08-10,O958
P547,750,2026-08-01,O146
P540,2000,2026-08-18,O141
P506,1000,2026-08-26,O106
P517,292,2026-08-08,O115
P556,300,2026-08-15,O157
